{"v":"4.8.0","meta":{"g":"LottieFiles AE 3.0.2","a":"","k":"","d":"","tc":""},"fr":29.9700012207031,"ip":0,"op":119.000004846969,"w":1080,"h":1080,"nm":"Comp 1","ddd":0,"assets":[],"layers":[{"ddd":0,"ind":1,"ty":3,"nm":"Null 1","sr":1,"ks":{"o":{"a":0,"k":0,"ix":11},"r":{"a":1,"k":[{"i":{"x":[0.667],"y":[1]},"o":{"x":[0.333],"y":[0]},"t":0,"s":[0]},{"t":89.0000036250443,"s":[-360]}],"ix":10},"p":{"a":0,"k":[540,540,0],"ix":2},"a":{"a":0,"k":[0,0,0],"ix":1},"s":{"a":0,"k":[100,100,100],"ix":6}},"ao":0,"ip":0,"op":385.000015681371,"st":0,"bm":0},{"ddd":0,"ind":2,"ty":4,"nm":"Shape Layer 1","parent":1,"sr":1,"ks":{"o":{"a":0,"k":100,"ix":11},"r":{"a":0,"k":0,"ix":10},"p":{"a":1,"k":[{"i":{"x":0.25,"y":1},"o":{"x":0.333,"y":0},"t":0,"s":[108,79,0],"to":[23,4.667,0],"ti":[0,0,0]},{"i":{"x":0.667,"y":1},"o":{"x":0.75,"y":0},"t":60,"s":[246,107,0],"to":[0,0,0],"ti":[23,4.667,0]},{"t":89.0000036250443,"s":[108,79,0]}],"ix":2},"a":{"a":0,"k":[338,-15,0],"ix":1},"s":{"a":0,"k":[100,100,100],"ix":6}},"ao":0,"shapes":[{"ty":"gr","it":[{"d":1,"ty":"el","s":{"a":0,"k":[246,246],"ix":2},"p":{"a":0,"k":[0,0],"ix":3},"nm":"Ellipse Path 1","mn":"ADBE Vector Shape - Ellipse","hd":false},{"ty":"gf","o":{"a":0,"k":100,"ix":10},"r":1,"bm":0,"g":{"p":2,"k":{"a":0,"k":[0,0.9764705882352941,0.6431372549019608,0.4392156862745098,1,1,0.8235294117647058,0.24705882352941178],"ix":9}},"s":{"a":0,"k":[59.811,97.786],"ix":5},"e":{"a":0,"k":[-91.775,-84.495],"ix":6},"t":1,"nm":"Gradient Fill 1","mn":"ADBE Vector Graphic - G-Fill","hd":false},{"ty":"tr","p":{"a":0,"k":[338,-15],"ix":2},"a":{"a":0,"k":[0,0],"ix":1},"s":{"a":0,"k":[105.332,105.332],"ix":3},"r":{"a":0,"k":0,"ix":6},"o":{"a":0,"k":100,"ix":7},"sk":{"a":0,"k":0,"ix":4},"sa":{"a":0,"k":0,"ix":5},"nm":"Transform"}],"nm":"Ellipse 1","np":2,"cix":2,"bm":0,"ix":1,"mn":"ADBE Vector Group","hd":false}],"ip":0,"op":385.000015681371,"st":0,"bm":0},{"ddd":0,"ind":3,"ty":4,"nm":"Shape Layer 2","parent":1,"sr":1,"ks":{"o":{"a":0,"k":100,"ix":11},"r":{"a":0,"k":0,"ix":10},"p":{"a":1,"k":[{"i":{"x":0.25,"y":1},"o":{"x":0.333,"y":0},"t":0,"s":[20.12,-91.1,0],"to":[0,-26,0],"ti":[0,0,0]},{"i":{"x":0.667,"y":1},"o":{"x":0.75,"y":0},"t":60,"s":[20.12,-247.1,0],"to":[0,0,0],"ti":[0,-26,0]},{"t":89.0000036250443,"s":[20.12,-91.1,0]}],"ix":2},"a":{"a":0,"k":[338,-15,0],"ix":1},"s":{"a":0,"k":[74,74,100],"ix":6}},"ao":0,"shapes":[{"ty":"gr","it":[{"d":1,"ty":"el","s":{"a":0,"k":[246,246],"ix":2},"p":{"a":0,"k":[0,0],"ix":3},"nm":"Ellipse Path 1","mn":"ADBE Vector Shape - Ellipse","hd":false},{"ty":"gf","o":{"a":0,"k":100,"ix":10},"r":1,"bm":0,"g":{"p":2,"k":{"a":0,"k":[0,0.00784313725490196,0.5490196078431373,0.9529411764705882,1,0.23137254901960785,0.807843137254902,0.6745098039215687],"ix":9}},"s":{"a":0,"k":[1.899,126.268],"ix":5},"e":{"a":0,"k":[-3.482,-123.419],"ix":6},"t":1,"nm":"Gradient Fill 1","mn":"ADBE Vector Graphic - G-Fill","hd":false},{"ty":"tr","p":{"a":0,"k":[338,-15],"ix":2},"a":{"a":0,"k":[0,0],"ix":1},"s":{"a":0,"k":[105.332,105.332],"ix":3},"r":{"a":0,"k":0,"ix":6},"o":{"a":0,"k":100,"ix":7},"sk":{"a":0,"k":0,"ix":4},"sa":{"a":0,"k":0,"ix":5},"nm":"Transform"}],"nm":"Ellipse 1","np":2,"cix":2,"bm":0,"ix":1,"mn":"ADBE Vector Group","hd":false}],"ip":0,"op":385.000015681371,"st":0,"bm":0},{"ddd":0,"ind":4,"ty":4,"nm":"Shape Layer 3","parent":1,"sr":1,"ks":{"o":{"a":0,"k":100,"ix":11},"r":{"a":0,"k":-165,"ix":10},"p":{"a":1,"k":[{"i":{"x":0.25,"y":1},"o":{"x":0.333,"y":0},"t":0,"s":[-95.114,52.227,0],"to":[-23.333,19.667,0],"ti":[0,0,0]},{"i":{"x":0.667,"y":1},"o":{"x":0.75,"y":0},"t":60,"s":[-235.114,170.227,0],"to":[0,0,0],"ti":[-23.333,19.667,0]},{"t":89.0000036250443,"s":[-95.114,52.227,0]}],"ix":2},"a":{"a":0,"k":[338,-15,0],"ix":1},"s":{"a":0,"k":[86,86,100],"ix":6}},"ao":0,"shapes":[{"ty":"gr","it":[{"d":1,"ty":"el","s":{"a":0,"k":[246,246],"ix":2},"p":{"a":0,"k":[0,0],"ix":3},"nm":"Ellipse Path 1","mn":"ADBE Vector Shape - Ellipse","hd":false},{"ty":"gf","o":{"a":0,"k":100,"ix":10},"r":1,"bm":0,"g":{"p":2,"k":{"a":0,"k":[0,0.9333333333333333,0.25882352941176473,0.4,1,0.48627450980392156,0.596078431372549,0.8745098039215686],"ix":9}},"s":{"a":0,"k":[96.837,111.077],"ix":5},"e":{"a":0,"k":[-117.408,-99.685],"ix":6},"t":1,"nm":"Gradient Fill 1","mn":"ADBE Vector Graphic - G-Fill","hd":false},{"ty":"tr","p":{"a":0,"k":[338,-15],"ix":2},"a":{"a":0,"k":[0,0],"ix":1},"s":{"a":0,"k":[105.332,105.332],"ix":3},"r":{"a":0,"k":0,"ix":6},"o":{"a":0,"k":100,"ix":7},"sk":{"a":0,"k":0,"ix":4},"sa":{"a":0,"k":0,"ix":5},"nm":"Transform"}],"nm":"Ellipse 1","np":2,"cix":2,"bm":0,"ix":1,"mn":"ADBE Vector Group","hd":false}],"ip":0,"op":385.000015681371,"st":0,"bm":0}],"markers":[]}